[
    {
        "id":1,
        "nombre": "Antibacterial",
        "precio": 250,
        "categoria": "Limpieza",
        "imagen": "/Limanprof/Public/img/Productos/antibacterial.webp"
    },

    {
        "id":2,
        "nombre": "Botas antiderrapantes",
        "precio": 180,
        "categoria": "Limpieza",
        "imagen": "/Limanprof/Public/img/Productos/botas.webp"
    },

    {
        "id":3,
        "nombre": "Cepillo para WC",
        "precio": 70,
        "categoria": "Limpieza",
        "imagen": "/Limanprof/Public/img/Productos/cepillowc.webp"
    },

    {
        "id":4,
        "nombre": "Cera para losas",
        "precio": 400,
        "categoria": "Limpieza",
        "imagen": "/Limanprof/Public/img/Productos/cera.jpeg"
    },

    {
        "id":5,
        "nombre": "Cloro",
        "precio": 500,
        "categoria": "Limpieza",
        "imagen": "/Limanprof/Public/img/Productos/cloro.webp"
    },

    {
        "id":6,
        "nombre": "Cubeta Exprimidor",
        "precio": 150,
        "categoria": "Limpieza",
        "imagen": "/Limanprof/Public/img/Productos/antibacterial.webp"
    },

    {
        "id":7,
        "nombre": "Desinfectante",
        "precio": 300,
        "categoria": "Limpieza",
        "imagen": "/Limanprof/Public/img/Productos/desinfectante.webp"
    },

    {
        "id":8,
        "nombre": "Detergente",
        "precio": 550,
        "categoria": "Limpieza",
        "imagen": "/Limanprof/Public/img/Productos/desinfectante.webp"
    },

    {
        "id":9,
        "nombre": "Escobas",
        "precio": 65,
        "categoria": "Limpieza",
        "imagen": "/Limanprof/Public/img/Productos/escoba.jpeg"
    },

    {
        "id":10,
        "nombre": "Esponjas",
        "precio": 50,
        "categoria": "Limpieza",
        "imagen": "/Limanprof/Public/img/Productos/esponja.webp"
    },

    {
        "id":11,
        "nombre": "Fertilizante",
        "precio": 300,
        "categoria": "Jardineria",
        "imagen": "/Limanprof/Public/img/Productos/fertilizante.jpg"
    },

    {
        "id":12,
        "nombre": "Fungicida",
        "precio": 480,
        "categoria": "Jardineria",
        "imagen": "/Limanprof/Public/img/Productos/fungicida.webp"
    },

    {
        "id":13,
        "nombre": "Guantes de latex",
        "precio": 180,
        "categoria": "Limpieza",
        "imagen": "/Limanprof/Public/img/Productos/guantes.webp"
    },
    
    {
        "id":14,
        "nombre": "Insecticida",
        "precio": 800,
        "categoria": "Jardineria",
        "imagen": "/Limanprof/Public/img/Productos/insecticida.webp"
    },
    
    {
        "id":15,
        "nombre": "Jalador",
        "precio": 80,
        "categoria": "Limpieza",
        "imagen": "/Limanprof/Public/img/Productos/jaladors.webp"
    },

    {
        "id":16,
        "nombre": "Limpiador de baños",
        "precio": 200,
        "categoria": "Limpieza",
        "imagen": "/Limanprof/Public/img/Productos/limpia_baños.webp"
    },

    {
        "id":17,
        "nombre": "Limpiador de superficies",
        "precio": 300,
        "categoria": "Limpieza",
        "imagen": "/Limanprof/Public/img/Productos/limpiador.jpg"
    },

    {
        "id":18,
        "nombre": "Pastilla para WC",
        "precio": 150,
        "categoria": "Limpieza",
        "imagen": "/Limanprof/Public/img/Productos/pastilla.webp"
    },

    {
        "id":19,
        "nombre": "Rastrillo para jardineria",
        "precio": 70,
        "categoria": "Jardineria",
        "imagen": "/Limanprof/Public/img/Productos/rastrillo.webp"
    },

    {
        "id":20,
        "nombre": "Tierra",
        "precio": 400,
        "categoria": "Jardineria",
        "imagen": "/Limanprof/Public/img/Productos/tierra.webp"
    },

    {
        "id":21,
        "nombre": "Tijeas para arbustos",
        "precio": 250,
        "categoria": "Jardineria",
        "imagen": "/Limanprof/Public/img/Productos/tijera poda.webp"
    },

    {
        "id":22,
        "nombre": "Tijeras para jardin",
        "precio": 300,
        "categoria": "Jardineria",
        "imagen": "/Limanprof/Public/img/Productos/tijeras.webp"
    },

    {
        "id":23,
        "nombre": "Trapeador",
        "precio": 180,
        "categoria": "Jardineria",
        "imagen": "/Limanprof/Public/img/Productos/trapeador.webp"
    }
]